[
  {
    "id": 1,
    "category": "기본 요소",
    "term": "오행",
    "definition": "목, 화, 토, 금, 수 다섯 가지 기본 요소를 말한다.",
    "example": "예: 목은 생장을, 화는 성장의 절정을 의미한다.",
    "related_terms": ["천간", "지지"],
    "embedding": [0.1, 0.2, 0.3]
  },
  {
    "id": 2,
    "category": "기본 요소",
    "term": "천간",
    "definition": "갑, 을, 병, 정 등 열 가지 천체의 줄기를 뜻한다.",
    "example": "예: 갑목은 봄의 시작을 나타낸다.",
    "related_terms": ["오행", "지지"],
    "embedding": [0.2, 0.1, 0.4]
  }
]
