{ 
  "name": "fuc (FastAPI + Vite + Streamlit)",
  "build": {
    "dockerfile": "Dockerfile"
  },
  "features": {},
  "forwardPorts": [8000, 5173, 8501, 5432],
  "portsAttributes": {
    "8000": { "label": "FastAPI" },
    "5173": { "label": "Vite" },
    "8501": { "label": "Streamlit" },
    "5432": { "label": "Postgres" }
  },
  "customizations": {
    "vscode": {
      "extensions": [
        "ms-python.python",
        "ms-python.vscode-pylance",
        "ms-azuretools.vscode-docker",
        "ms-toolsai.jupyter",
        "esbenp.prettier-vscode",
        "dbaeumer.vscode-eslint"
      ],
      "settings": {
        "python.defaultInterpreterPath": "${workspaceFolder}/.venv/bin/python",
        "terminal.integrated.defaultProfile.linux": "bash"
      }
    }
  },
  "postCreateCommand": "python -m venv .venv && . .venv/bin/activate && pip install -U pip && pip install -r requirements.txt && cd frontend && npm install",
  "remoteUser": "vscode",
  "containerEnv": {
    "DATABASE_URL": "postgresql+psycopg://app:app@db:5432/appdb"
  },
  "runArgs": ["--init"],
  "hostRequirements": {
    "cpus": 2,
    "memory": "4gb"
  },
  "services": {
    "db": {
      "image": "pgvector/pgvector:pg16",
      "restart": "unless-stopped",
      "env": {
        "POSTGRES_DB": "appdb",
        "POSTGRES_USER": "app",
        "POSTGRES_PASSWORD": "app"
      },
      "forwardPorts": [5432],
      "volumes": [
        "${localWorkspaceFolder}/../databox/init:/docker-entrypoint-initdb.d"
      ]
    }
  }
}